"Status","Start Time","Stop Time","Duration in ms","Parent Suite","Suite","Sub Suite","Test Class","Test Method","Name","Description"
"passed","Wed Mar 25 07:22:10 UTC 2026","Wed Mar 25 07:22:10 UTC 2026","4","tests.contract.statistics","test_adopters_stats_contract","","","","test_get_adopters_stats_unauthorized_contract",""
"passed","Wed Mar 25 07:22:08 UTC 2026","Wed Mar 25 07:22:08 UTC 2026","5","tests.contract.external-api","test_register_chip_contract","","","","test_register_chip_invalid_name_contract[empty name]",""
"passed","Wed Mar 25 07:22:02 UTC 2026","Wed Mar 25 07:22:02 UTC 2026","5","tests.contract.cats","test_delete_cat_contract","","","","test_delete_invalid_ID_contract[nonexistent id]",""
"passed","Wed Mar 25 07:22:10 UTC 2026","Wed Mar 25 07:22:10 UTC 2026","6","tests.contract.statistics","test_adopters_stats_contract","","","","test_get_adopters_stats_authorized_contract",""
"passed","Wed Mar 25 07:22:10 UTC 2026","Wed Mar 25 07:22:10 UTC 2026","4","tests.contract.statistics","test_summary_stats_contract","","","","test_get_summary_authorized_contract",""
"passed","Wed Mar 25 07:22:15 UTC 2026","Wed Mar 25 07:22:15 UTC 2026","76","tests.contract.users","test_make-admin_contract","","","","test_make_admin_success",""
"passed","Wed Mar 25 07:22:12 UTC 2026","Wed Mar 25 07:22:12 UTC 2026","5","tests.contract.users","test_delete_user_contract","","","","test_delete_user_invalid_id_contract[float id format]",""
"passed","Wed Mar 25 07:21:46 UTC 2026","Wed Mar 25 07:21:46 UTC 2026","3","tests.contract.auth","test_register_contract","","","","test_register_contract_validation_error[payload1-missing 'firstName']",""
"passed","Wed Mar 25 07:21:57 UTC 2026","Wed Mar 25 07:21:57 UTC 2026","7","tests.contract.cats","test_create_cat_contract","","","","test_create_cat_with_optional_fields_contract",""
"passed","Wed Mar 25 07:22:04 UTC 2026","Wed Mar 25 07:22:04 UTC 2026","5","tests.contract.cats","test_patch_health-card_contract","","","","test_patch_health_card_invalid_id_format[invalid id format]",""
"passed","Wed Mar 25 07:22:01 UTC 2026","Wed Mar 25 07:22:01 UTC 2026","21","tests.contract.cats","test_delete_cat_contract","","","","test_delete_cat_unauthorized_contract",""
"passed","Wed Mar 25 07:21:40 UTC 2026","Wed Mar 25 07:21:40 UTC 2026","5","tests.api.statistics","test_summary_stats_api","","","","test_summary_empty_db",""
"passed","Wed Mar 25 07:21:23 UTC 2026","Wed Mar 25 07:21:23 UTC 2026","3","tests.api.auth","test_register_api","","","","test_register_login_boundary[payload3-5 symbol password]",""
"passed","Wed Mar 25 07:21:50 UTC 2026","Wed Mar 25 07:21:50 UTC 2026","17","tests.contract.cats","test_chip_cat_contract","","","","test_chip_cat_contract",""
"passed","Wed Mar 25 07:21:59 UTC 2026","Wed Mar 25 07:21:59 UTC 2026","12","tests.contract.cats","test_create_health-card_contract","","","","test_create_health_card_success",""
"passed","Wed Mar 25 07:21:59 UTC 2026","Wed Mar 25 07:21:59 UTC 2026","4","tests.contract.cats","test_create_health-card_contract","","","","test_create_health_card_unauthorized",""
"passed","Wed Mar 25 07:22:10 UTC 2026","Wed Mar 25 07:22:10 UTC 2026","5","tests.contract.statistics","test_breed_stats_contract","","","","test_get_breed_stats_authorized_contract",""
"passed","Wed Mar 25 07:21:22 UTC 2026","Wed Mar 25 07:21:22 UTC 2026","3","tests.api.auth","test_register_api","","","","test_register_login_boundary[payload2-1 symbol password]",""
"passed","Wed Mar 25 07:21:51 UTC 2026","Wed Mar 25 07:21:51 UTC 2026","21","tests.contract.cats","test_chip_cat_contract","","","","test_chip_cat_external_system_error_contract",""
"passed","Wed Mar 25 07:21:24 UTC 2026","Wed Mar 25 07:21:24 UTC 2026","8","tests.api.cats","test_create_cat_api","","","","test_create_cat_name_too_short[one_char name]",""
"passed","Wed Mar 25 07:22:13 UTC 2026","Wed Mar 25 07:22:13 UTC 2026","5","tests.contract.users","test_get_user_contract","","","","test_get_user_by_Id_invalid_id_format_contract[nonexistent id]",""
"passed","Wed Mar 25 07:21:40 UTC 2026","Wed Mar 25 07:21:41 UTC 2026","186","tests.api.statistics","test_top_adopters_stats_api","","","","test_stats_top_adopters",""
"passed","Wed Mar 25 07:22:13 UTC 2026","Wed Mar 25 07:22:13 UTC 2026","5","tests.contract.users","test_get_user_contract","","","","test_get_user_by_Id_invalid_id_format_contract[invalid id format]",""
"passed","Wed Mar 25 07:22:03 UTC 2026","Wed Mar 25 07:22:03 UTC 2026","4","tests.contract.cats","test_get_cat_contract","","","","test_get_all_cats_empty_contract",""
"passed","Wed Mar 25 07:22:13 UTC 2026","Wed Mar 25 07:22:13 UTC 2026","3","tests.contract.users","test_get_user_contract","","","","test_get_users_unauthorized_contract",""
"passed","Wed Mar 25 07:21:58 UTC 2026","Wed Mar 25 07:21:58 UTC 2026","5","tests.contract.cats","test_create_cat_contract","","","","test_create_cat_invalid_contract[payload2-missing 'breed']",""
"passed","Wed Mar 25 07:22:16 UTC 2026","Wed Mar 25 07:22:16 UTC 2026","5","tests.contract.users","test_make-admin_contract","","","","test_make_admin_invalid_id_format[invalid id format]",""
"passed","Wed Mar 25 07:21:58 UTC 2026","Wed Mar 25 07:21:58 UTC 2026","4","tests.contract.cats","test_create_cat_contract","","","","test_create_cat_invalid_contract[payload1-missing 'age']",""
"passed","Wed Mar 25 07:22:14 UTC 2026","Wed Mar 25 07:22:14 UTC 2026","4","tests.contract.users","test_get_user_contract","","","","test_get_adopted_cats_unauthorized_contract",""
"passed","Wed Mar 25 07:21:23 UTC 2026","Wed Mar 25 07:21:23 UTC 2026","10","tests.api.auth","test_register_api","","","","test_register_user_name_boundary[payload0-spaces]",""
"passed","Wed Mar 25 07:22:12 UTC 2026","Wed Mar 25 07:22:12 UTC 2026","5","tests.contract.users","test_delete_user_contract","","","","test_delete_user_invalid_id_contract[invalid id format]",""
"passed","Wed Mar 25 07:21:46 UTC 2026","Wed Mar 25 07:21:46 UTC 2026","150","tests.contract.auth","test_register_contract","","","","test_register_contract_duplicate",""
"passed","Wed Mar 25 07:22:04 UTC 2026","Wed Mar 25 07:22:04 UTC 2026","6","tests.contract.cats","test_patch_health-card_contract","","","","test_patch_health_card_invalid_id_format[nonexistent id]",""
"passed","Wed Mar 25 07:21:59 UTC 2026","Wed Mar 25 07:21:59 UTC 2026","5","tests.contract.cats","test_create_health-card_contract","","","","test_create_health_card_invalid_id_format[invalid id format]",""
"passed","Wed Mar 25 07:21:29 UTC 2026","Wed Mar 25 07:21:29 UTC 2026","17","tests.api.cats","test_patch_health-card_api","","","","test_patch_health_card_success",""
"passed","Wed Mar 25 07:21:56 UTC 2026","Wed Mar 25 07:21:57 UTC 2026","7","tests.contract.cats","test_create_cat_contract","","","","test_create_cat_authorized_contract",""
"passed","Wed Mar 25 07:21:50 UTC 2026","Wed Mar 25 07:21:50 UTC 2026","5","tests.contract.cats","test_chip_cat_contract","","","","test_chip_cat_invalid_id_format_contract[float id format]",""
"passed","Wed Mar 25 07:21:25 UTC 2026","Wed Mar 25 07:21:25 UTC 2026","6","tests.api.cats","test_create_cat_api","","","","test_create_cat_age_boundary[1]",""
"passed","Wed Mar 25 07:21:27 UTC 2026","Wed Mar 25 07:21:27 UTC 2026","182","tests.api.cats","test_get_cat_api","","","","test_get_cats_by_breed_and_adoption_status",""
"passed","Wed Mar 25 07:21:29 UTC 2026","Wed Mar 25 07:21:29 UTC 2026","18","tests.api.cats","test_patch_cat_api","","","","test_update_cat_name_conflict",""
"passed","Wed Mar 25 07:21:58 UTC 2026","Wed Mar 25 07:21:58 UTC 2026","4","tests.contract.cats","test_create_cat_contract","","","","test_create_cat_invalid_contract[payload4-invalid type of 'name' and 'breed']",""
"passed","Wed Mar 25 07:22:15 UTC 2026","Wed Mar 25 07:22:15 UTC 2026","5","tests.contract.users","test_get_user_contract","","","","test_get_adopted_cats_invalid_userid_format_contract[invalid id format]",""
"passed","Wed Mar 25 07:21:22 UTC 2026","Wed Mar 25 07:21:22 UTC 2026","70","tests.api.auth","test_register_api","","","","test_register_success",""
"passed","Wed Mar 25 07:21:57 UTC 2026","Wed Mar 25 07:21:57 UTC 2026","10","tests.contract.cats","test_create_cat_contract","","","","test_create_cat_duplicate_name",""
"passed","Wed Mar 25 07:21:41 UTC 2026","Wed Mar 25 07:21:41 UTC 2026","82","tests.api.users","test_delete_user_api","","","","test_check_delete_user_by_admin",""
"passed","Wed Mar 25 07:22:10 UTC 2026","Wed Mar 25 07:22:10 UTC 2026","3","tests.contract.statistics","test_breed_stats_contract","","","","test_get_breed_stats_unauthorized_contract",""
"passed","Wed Mar 25 07:21:24 UTC 2026","Wed Mar 25 07:21:24 UTC 2026","18","tests.api.cats","test_create_cat_api","","","","test_multiple_cat_creation",""
"passed","Wed Mar 25 07:21:47 UTC 2026","Wed Mar 25 07:21:47 UTC 2026","3","tests.contract.auth","test_register_contract","","","","test_register_contract_validation_error[payload4-invalid type of fields]",""
"passed","Wed Mar 25 07:21:22 UTC 2026","Wed Mar 25 07:21:22 UTC 2026","4","tests.api.auth","test_register_api","","","","test_register_login_boundary[payload0-empty fields]",""
"passed","Wed Mar 25 07:22:07 UTC 2026","Wed Mar 25 07:22:07 UTC 2026","5","tests.contract.cats","test_update_cat_contract","","","","test_patch_cat_invalid_catId_contract[nonexistent id]",""
"passed","Wed Mar 25 07:22:02 UTC 2026","Wed Mar 25 07:22:02 UTC 2026","77","tests.contract.cats","test_delete_cat_contract","","","","test_delete_cat_forbidden_contract",""
"passed","Wed Mar 25 07:21:27 UTC 2026","Wed Mar 25 07:21:27 UTC 2026","91","tests.api.cats","test_get_cat_api","","","","test_get_cats_by_age_breed_and_adoption_status",""
"passed","Wed Mar 25 07:21:44 UTC 2026","Wed Mar 25 07:21:44 UTC 2026","249","tests.contract.auth","test_login_contract","","","","test_wrong_login_contract",""
"passed","Wed Mar 25 07:21:23 UTC 2026","Wed Mar 25 07:21:23 UTC 2026","10","tests.api.auth","test_register_api","","","","test_register_user_name_boundary[payload1-too short 'firstName' and 'lastName']",""
"passed","Wed Mar 25 07:22:01 UTC 2026","Wed Mar 25 07:22:01 UTC 2026","11","tests.contract.cats","test_delete_cat_contract","","","","test_delete_cat_authorized_contract",""
"passed","Wed Mar 25 07:22:15 UTC 2026","Wed Mar 25 07:22:15 UTC 2026","5","tests.contract.users","test_get_user_contract","","","","test_get_adopted_cats_invalid_userid_format_contract[float id format]",""
"passed","Wed Mar 25 07:22:02 UTC 2026","Wed Mar 25 07:22:02 UTC 2026","5","tests.contract.cats","test_delete_cat_contract","","","","test_delete_invalid_ID_contract[invalid id format]",""
"passed","Wed Mar 25 07:21:46 UTC 2026","Wed Mar 25 07:21:46 UTC 2026","4","tests.contract.auth","test_register_contract","","","","test_register_contract_validation_error[payload0-missing 'lastName']",""
"passed","Wed Mar 25 07:21:41 UTC 2026","Wed Mar 25 07:21:41 UTC 2026","82","tests.api.users","test_delete_user_api","","","","test_delete_own_user_page",""
"passed","Wed Mar 25 07:21:27 UTC 2026","Wed Mar 25 07:21:27 UTC 2026","91","tests.api.cats","test_get_cat_api","","","","test_get_cat_with_health_card",""
"passed","Wed Mar 25 07:22:07 UTC 2026","Wed Mar 25 07:22:07 UTC 2026","4","tests.contract.cats","test_update_cat_contract","","","","test_patch_cat_invalid_catId_contract[float id format]",""
"passed","Wed Mar 25 07:22:12 UTC 2026","Wed Mar 25 07:22:12 UTC 2026","4","tests.contract.users","test_delete_user_contract","","","","test_delete_user_unauthorized_contract",""
"passed","Wed Mar 25 07:22:18 UTC 2026","Wed Mar 25 07:22:18 UTC 2026","0","tests","test_coverage","","","","test_api_coverage_report",""
"passed","Wed Mar 25 07:21:50 UTC 2026","Wed Mar 25 07:21:50 UTC 2026","4","tests.contract.cats","test_chip_cat_contract","","","","test_chip_cat_unauthorized_contract",""
"passed","Wed Mar 25 07:21:28 UTC 2026","Wed Mar 25 07:21:28 UTC 2026","80","tests.api.cats","test_patch_cat_api","","","","test_update_cat_success",""
"passed","Wed Mar 25 07:21:49 UTC 2026","Wed Mar 25 07:21:49 UTC 2026","10","tests.contract.cats","test_adopt_cat_contract","","","","test_patch_cat_invalid_userid_contract[nonexistent id]",""
"passed","Wed Mar 25 07:21:45 UTC 2026","Wed Mar 25 07:21:45 UTC 2026","3","tests.contract.auth","test_login_contract","","","","test_login_validation_error_contract[payload2-invalid type of fields]",""
"passed","Wed Mar 25 07:22:01 UTC 2026","Wed Mar 25 07:22:01 UTC 2026","5","tests.contract.cats","test_create_health-card_contract","","","","test_create_health_card_invalid_payload[payload6-empty payload]",""
"passed","Wed Mar 25 07:21:26 UTC 2026","Wed Mar 25 07:21:26 UTC 2026","8","tests.api.cats","test_create_cat_api","","","","test_invalid_cat_not_saved",""
"passed","Wed Mar 25 07:21:40 UTC 2026","Wed Mar 25 07:21:40 UTC 2026","98","tests.api.statistics","test_summary_stats_api","","","","test_stats_summary_counts_and_rate",""
"passed","Wed Mar 25 07:22:09 UTC 2026","Wed Mar 25 07:22:09 UTC 2026","4","tests.contract.external-api","test_register_chip_contract","","","","test_register_chip_invalid_breed_contract[empty]",""
"passed","Wed Mar 25 07:22:16 UTC 2026","Wed Mar 25 07:22:16 UTC 2026","5","tests.contract.users","test_make-admin_contract","","","","test_make_admin_invalid_id_format[float id format]",""
"passed","Wed Mar 25 07:22:05 UTC 2026","Wed Mar 25 07:22:05 UTC 2026","5","tests.contract.cats","test_patch_health-card_contract","","","","test_patch_health_card_invalid_id_format[float id format]",""
"passed","Wed Mar 25 07:22:00 UTC 2026","Wed Mar 25 07:22:00 UTC 2026","5","tests.contract.cats","test_create_health-card_contract","","","","test_create_health_card_invalid_payload[payload0-missing 'lastVaccination']",""
"passed","Wed Mar 25 07:22:05 UTC 2026","Wed Mar 25 07:22:05 UTC 2026","4","tests.contract.cats","test_patch_health-card_contract","","","","test_patch_health_card_invalid_payload[payload3-invalid type of 'lastVaccination']",""
"passed","Wed Mar 25 07:21:28 UTC 2026","Wed Mar 25 07:21:28 UTC 2026","90","tests.api.cats","test_get_cat_api","","","","test_get_cats_empty_list_with_filters",""
"passed","Wed Mar 25 07:22:03 UTC 2026","Wed Mar 25 07:22:04 UTC 2026","4","tests.contract.cats","test_get_cat_contract","","","","test_get_cat_by_invalid_id_contract[float id format]",""
"passed","Wed Mar 25 07:21:50 UTC 2026","Wed Mar 25 07:21:50 UTC 2026","5","tests.contract.cats","test_chip_cat_contract","","","","test_chip_cat_invalid_id_format_contract[nonexistent id]",""
"passed","Wed Mar 25 07:22:11 UTC 2026","Wed Mar 25 07:22:11 UTC 2026","85","tests.contract.users","test_delete_user_contract","","","","test_delete_own_user_page",""
"passed","Wed Mar 25 07:21:43 UTC 2026","Wed Mar 25 07:21:43 UTC 2026","74","tests.api.users","test_make-admin_api","","","","test_make_admin_success",""
"passed","Wed Mar 25 07:21:51 UTC 2026","Wed Mar 25 07:21:51 UTC 2026","18","tests.contract.cats","test_chip_cat_contract","","","","test_chip_cat_twice_contract",""
"passed","Wed Mar 25 07:22:14 UTC 2026","Wed Mar 25 07:22:14 UTC 2026","75","tests.contract.users","test_get_user_contract","","","","test_get_adopted_cats_contract",""
"passed","Wed Mar 25 07:21:57 UTC 2026","Wed Mar 25 07:21:57 UTC 2026","4","tests.contract.cats","test_create_cat_contract","","","","test_create_cat_invalid_contract[payload0-missing 'name']",""
"passed","Wed Mar 25 07:21:29 UTC 2026","Wed Mar 25 07:21:29 UTC 2026","99","tests.api.cats","test_patch_cat_api","","","","test_adopt_multiple_cats_success",""
"passed","Wed Mar 25 07:21:23 UTC 2026","Wed Mar 25 07:21:23 UTC 2026","10","tests.api.auth","test_register_api","","","","test_register_user_name_boundary[payload2-empty fields]",""
"passed","Wed Mar 25 07:22:11 UTC 2026","Wed Mar 25 07:22:11 UTC 2026","72","tests.contract.users","test_delete_user_contract","","","","test_delete_user_by_admin",""
"passed","Wed Mar 25 07:21:23 UTC 2026","Wed Mar 25 07:21:24 UTC 2026","30","tests.api.cats","test_chip_cat_api","","","","test_chip_cat_success",""
"passed","Wed Mar 25 07:22:00 UTC 2026","Wed Mar 25 07:22:00 UTC 2026","4","tests.contract.cats","test_create_health-card_contract","","","","test_create_health_card_invalid_payload[payload3-invalid type of 'lastVaccination']",""
"passed","Wed Mar 25 07:22:02 UTC 2026","Wed Mar 25 07:22:02 UTC 2026","4","tests.contract.cats","test_delete_cat_contract","","","","test_delete_invalid_ID_contract[float id format]",""
"passed","Wed Mar 25 07:22:06 UTC 2026","Wed Mar 25 07:22:06 UTC 2026","5","tests.contract.cats","test_patch_health-card_contract","","","","test_patch_health_card_invalid_payload[payload4-invalid type of 'medicalStatus']",""
"passed","Wed Mar 25 07:21:25 UTC 2026","Wed Mar 25 07:21:25 UTC 2026","6","tests.api.cats","test_create_cat_api","","","","test_create_cat_age_boundary[0]",""
"passed","Wed Mar 25 07:22:00 UTC 2026","Wed Mar 25 07:22:00 UTC 2026","4","tests.contract.cats","test_create_health-card_contract","","","","test_create_health_card_invalid_payload[payload2-invalid type of 'lastVaccination']",""
"passed","Wed Mar 25 07:21:26 UTC 2026","Wed Mar 25 07:21:26 UTC 2026","94","tests.api.cats","test_delete_cat_api","","","","test_delete_adopted_cat_success",""
"passed","Wed Mar 25 07:21:48 UTC 2026","Wed Mar 25 07:21:48 UTC 2026","4","tests.contract.cats","test_adopt_cat_contract","","","","test_adopt_cat_unauthorized_contract",""
"passed","Wed Mar 25 07:22:13 UTC 2026","Wed Mar 25 07:22:13 UTC 2026","72","tests.contract.users","test_get_user_contract","","","","test_get_user_by_Id_contract",""
"passed","Wed Mar 25 07:22:17 UTC 2026","Wed Mar 25 07:22:17 UTC 2026","115","tests","test_e2e","","","","test_registration_adoption_and_chip",""
"passed","Wed Mar 25 07:22:13 UTC 2026","Wed Mar 25 07:22:13 UTC 2026","3","tests.contract.users","test_get_user_contract","","","","test_get_user_by_Id_unauthorized_contract",""
"passed","Wed Mar 25 07:21:25 UTC 2026","Wed Mar 25 07:21:25 UTC 2026","3","tests.api.cats","test_create_cat_api","","","","test_create_cat_age_boundary[1.5]",""
"passed","Wed Mar 25 07:21:26 UTC 2026","Wed Mar 25 07:21:26 UTC 2026","20","tests.api.cats","test_delete_cat_api","","","","test_delete_cat_success",""
"passed","Wed Mar 25 07:21:46 UTC 2026","Wed Mar 25 07:21:46 UTC 2026","3","tests.contract.auth","test_register_contract","","","","test_register_contract_validation_error[payload2-missing 'login']",""
"passed","Wed Mar 25 07:22:17 UTC 2026","Wed Mar 25 07:22:18 UTC 2026","328","tests","test_e2e","","","","test_new_admin_can_delete_other_users",""
"passed","Wed Mar 25 07:21:49 UTC 2026","Wed Mar 25 07:21:49 UTC 2026","153","tests.contract.cats","test_adopt_cat_contract","","","","test_adopt_adopted_cat_contract",""
"passed","Wed Mar 25 07:21:58 UTC 2026","Wed Mar 25 07:21:58 UTC 2026","4","tests.contract.cats","test_create_cat_contract","","","","test_create_cat_invalid_contract[payload3-invalid type of 'age']",""
"passed","Wed Mar 25 07:22:03 UTC 2026","Wed Mar 25 07:22:03 UTC 2026","5","tests.contract.cats","test_get_cat_contract","","","","test_get_cat_by_invalid_id_contract[nonexistent id]",""
"passed","Wed Mar 25 07:21:49 UTC 2026","Wed Mar 25 07:21:49 UTC 2026","10","tests.contract.cats","test_adopt_cat_contract","","","","test_patch_cat_invalid_userid_contract[invalid id format]",""
"passed","Wed Mar 25 07:22:01 UTC 2026","Wed Mar 25 07:22:01 UTC 2026","6","tests.contract.cats","test_create_health-card_contract","","","","test_create_health_card_invalid_payload[payload5-invalid type of 'notes']",""
"passed","Wed Mar 25 07:21:57 UTC 2026","Wed Mar 25 07:21:57 UTC 2026","4","tests.contract.cats","test_create_cat_contract","","","","test_create_cat_unauthorized_contract",""
"passed","Wed Mar 25 07:21:48 UTC 2026","Wed Mar 25 07:21:48 UTC 2026","72","tests.contract.cats","test_adopt_cat_contract","","","","test_patch_cat_invalid_catid_contract[nonexistent id]",""
"passed","Wed Mar 25 07:21:43 UTC 2026","Wed Mar 25 07:21:44 UTC 2026","324","tests.api.users","test_make-admin_api","","","","test_make_admin_check_rights",""
"passed","Wed Mar 25 07:22:07 UTC 2026","Wed Mar 25 07:22:07 UTC 2026","5","tests.contract.cats","test_update_cat_contract","","","","test_patch_cat_invalid_catId_contract[invalid id format]",""
"passed","Wed Mar 25 07:21:49 UTC 2026","Wed Mar 25 07:21:49 UTC 2026","9","tests.contract.cats","test_adopt_cat_contract","","","","test_patch_cat_invalid_userid_contract[float id format]",""
"passed","Wed Mar 25 07:21:43 UTC 2026","Wed Mar 25 07:21:43 UTC 2026","71","tests.api.users","test_get_user_api","","","","test_user_without_cats",""
"passed","Wed Mar 25 07:22:04 UTC 2026","Wed Mar 25 07:22:04 UTC 2026","4","tests.contract.cats","test_patch_health-card_contract","","","","test_patch_health_card_unauthorized",""
"passed","Wed Mar 25 07:22:12 UTC 2026","Wed Mar 25 07:22:12 UTC 2026","4","tests.contract.users","test_get_user_contract","","","","test_get_all_users_contract",""
"passed","Wed Mar 25 07:22:09 UTC 2026","Wed Mar 25 07:22:09 UTC 2026","4","tests.contract.external-api","test_register_chip_contract","","","","test_register_chip_invalid_api_key_contract",""
"passed","Wed Mar 25 07:21:42 UTC 2026","Wed Mar 25 07:21:42 UTC 2026","81","tests.api.users","test_get_user_api","","","","test_user_with_adopted_cat",""
"passed","Wed Mar 25 07:21:50 UTC 2026","Wed Mar 25 07:21:50 UTC 2026","4","tests.contract.cats","test_chip_cat_contract","","","","test_chip_cat_invalid_id_format_contract[invalid id format]",""
"passed","Wed Mar 25 07:22:05 UTC 2026","Wed Mar 25 07:22:05 UTC 2026","4","tests.contract.cats","test_patch_health-card_contract","","","","test_patch_health_card_invalid_payload[payload0-missing 'lastVaccination']",""
"passed","Wed Mar 25 07:21:45 UTC 2026","Wed Mar 25 07:21:45 UTC 2026","66","tests.contract.auth","test_register_contract","","","","test_register_contract_success",""
"passed","Wed Mar 25 07:21:59 UTC 2026","Wed Mar 25 07:21:59 UTC 2026","5","tests.contract.cats","test_create_health-card_contract","","","","test_create_health_card_invalid_id_format[float id format]",""
"passed","Wed Mar 25 07:21:41 UTC 2026","Wed Mar 25 07:21:42 UTC 2026","87","tests.api.users","test_delete_user_api","","","","test_user_deletion_sets_cat_owner_to_null",""
"passed","Wed Mar 25 07:21:59 UTC 2026","Wed Mar 25 07:21:59 UTC 2026","7","tests.contract.cats","test_create_health-card_contract","","","","test_create_health_card_invalid_id_format[nonexistent id]",""
"passed","Wed Mar 25 07:21:42 UTC 2026","Wed Mar 25 07:21:42 UTC 2026","70","tests.api.users","test_get_user_api","","","","test_get_user_by_id",""
"passed","Wed Mar 25 07:21:45 UTC 2026","Wed Mar 25 07:21:45 UTC 2026","4","tests.contract.auth","test_login_contract","","","","test_login_validation_error_contract[payload3-empty payload]",""
"passed","Wed Mar 25 07:22:09 UTC 2026","Wed Mar 25 07:22:09 UTC 2026","4","tests.contract.external-api","test_register_chip_contract","","","","test_register_chip_empty_api_key_contract",""
"passed","Wed Mar 25 07:21:30 UTC 2026","Wed Mar 25 07:21:40 UTC 2026","10005","tests.api.external-api","test_register_chip_api","","","","test_register_chip_timeout",""
"passed","Wed Mar 25 07:22:08 UTC 2026","Wed Mar 25 07:22:08 UTC 2026","4","tests.contract.external-api","test_register_chip_contract","","","","test_register_chip_external_system_erro_contract",""
"passed","Wed Mar 25 07:22:15 UTC 2026","Wed Mar 25 07:22:15 UTC 2026","135","tests.contract.users","test_make-admin_contract","","","","test_make_admin_forbidden",""
"passed","Wed Mar 25 07:22:03 UTC 2026","Wed Mar 25 07:22:03 UTC 2026","10","tests.contract.cats","test_get_cat_contract","","","","test_get_cat_by_Id_contract",""
"passed","Wed Mar 25 07:21:44 UTC 2026","Wed Mar 25 07:21:44 UTC 2026","249","tests.contract.auth","test_login_contract","","","","test_login_contract_success",""
"passed","Wed Mar 25 07:21:51 UTC 2026","Wed Mar 25 07:21:56 UTC 2026","5014","tests.contract.cats","test_chip_cat_contract","","","","test_chip_cat_timeout_contract",""
"passed","Wed Mar 25 07:22:01 UTC 2026","Wed Mar 25 07:22:01 UTC 2026","4","tests.contract.cats","test_create_health-card_contract","","","","test_create_health_card_invalid_payload[payload4-invalid type of 'medicalStatus']",""
"passed","Wed Mar 25 07:22:11 UTC 2026","Wed Mar 25 07:22:11 UTC 2026","136","tests.contract.users","test_delete_user_contract","","","","test_delete_user_forbidden",""
"passed","Wed Mar 25 07:22:16 UTC 2026","Wed Mar 25 07:22:16 UTC 2026","6","tests.contract.users","test_make-admin_contract","","","","test_make_admin_invalid_id_format[nonexistent id]",""
"passed","Wed Mar 25 07:21:47 UTC 2026","Wed Mar 25 07:21:47 UTC 2026","3","tests.contract.auth","test_register_contract","","","","test_register_contract_validation_error[payload5-empty payload]",""
"passed","Wed Mar 25 07:21:24 UTC 2026","Wed Mar 25 07:21:24 UTC 2026","3","tests.api.cats","test_create_cat_api","","","","test_create_cat_name_too_short[empty name]",""
"passed","Wed Mar 25 07:22:16 UTC 2026","Wed Mar 25 07:22:17 UTC 2026","206","tests","test_e2e","","","","test_full_stats_and_filtering",""
"passed","Wed Mar 25 07:21:47 UTC 2026","Wed Mar 25 07:21:47 UTC 2026","79","tests.contract.cats","test_adopt_cat_contract","","","","test_adopt_cat_authorized_contract",""
"passed","Wed Mar 25 07:21:48 UTC 2026","Wed Mar 25 07:21:48 UTC 2026","71","tests.contract.cats","test_adopt_cat_contract","","","","test_patch_cat_invalid_catid_contract[invalid id format]",""
"passed","Wed Mar 25 07:21:29 UTC 2026","Wed Mar 25 07:21:29 UTC 2026","4","tests.api.external-api","test_register_chip_api","","","","test_register_chip_success",""
"passed","Wed Mar 25 07:22:06 UTC 2026","Wed Mar 25 07:22:06 UTC 2026","14","tests.contract.cats","test_update_cat_contract","","","","test_patch_cat_authorized_contract",""
"passed","Wed Mar 25 07:21:22 UTC 2026","Wed Mar 25 07:21:22 UTC 2026","3","tests.api.auth","test_register_api","","","","test_register_login_boundary[payload1-spaces]",""
"passed","Wed Mar 25 07:22:07 UTC 2026","Wed Mar 25 07:22:07 UTC 2026","9","tests.contract.cats","test_update_cat_contract","","","","test_patch_cat_invalid_payload_contract",""
"passed","Wed Mar 25 07:21:45 UTC 2026","Wed Mar 25 07:21:45 UTC 2026","4","tests.contract.auth","test_login_contract","","","","test_login_validation_error_contract[payload0-missing 'login']",""
"passed","Wed Mar 25 07:22:09 UTC 2026","Wed Mar 25 07:22:09 UTC 2026","4","tests.contract.external-api","test_register_chip_contract","","","","test_register_chip_invalid_breed_contract[space]",""
"passed","Wed Mar 25 07:22:00 UTC 2026","Wed Mar 25 07:22:00 UTC 2026","19","tests.contract.cats","test_create_health-card_contract","","","","test_create_health_card_repeated_creation",""
"passed","Wed Mar 25 07:22:06 UTC 2026","Wed Mar 25 07:22:06 UTC 2026","5","tests.contract.cats","test_patch_health-card_contract","","","","test_patch_health_card_invalid_payload[payload6-empty payload]",""
"passed","Wed Mar 25 07:21:51 UTC 2026","Wed Mar 25 07:21:51 UTC 2026","75","tests.contract.cats","test_chip_cat_contract","","","","test_chip_cat_forbidden_contract",""
"passed","Wed Mar 25 07:22:02 UTC 2026","Wed Mar 25 07:22:02 UTC 2026","9","tests.contract.cats","test_get_cat_contract","","","","test_get_all_cats_contract",""
"passed","Wed Mar 25 07:21:28 UTC 2026","Wed Mar 25 07:21:28 UTC 2026","86","tests.api.cats","test_patch_cat_api","","","","test_adopt_cat_success",""
"passed","Wed Mar 25 07:22:05 UTC 2026","Wed Mar 25 07:22:05 UTC 2026","5","tests.contract.cats","test_patch_health-card_contract","","","","test_patch_health_card_invalid_payload[payload2-invalid type of 'lastVaccination']",""
"passed","Wed Mar 25 07:22:08 UTC 2026","Wed Mar 25 07:22:08 UTC 2026","5","tests.contract.external-api","test_register_chip_contract","","","","test_register_chip_contract",""
"passed","Wed Mar 25 07:22:08 UTC 2026","Wed Mar 25 07:22:08 UTC 2026","4","tests.contract.external-api","test_register_chip_contract","","","","test_register_chip_invalid_name_contract[space]",""
"passed","Wed Mar 25 07:21:24 UTC 2026","Wed Mar 25 07:21:24 UTC 2026","81","tests.api.cats","test_create_cat_api","","","","test_create_cat_and_get_success",""
"passed","Wed Mar 25 07:22:08 UTC 2026","Wed Mar 25 07:22:08 UTC 2026","4","tests.contract.external-api","test_register_chip_contract","","","","test_register_chip_invalid_name_contract[one_char name]",""
"passed","Wed Mar 25 07:22:12 UTC 2026","Wed Mar 25 07:22:12 UTC 2026","5","tests.contract.users","test_delete_user_contract","","","","test_delete_user_invalid_id_contract[nonexistent id]",""
"passed","Wed Mar 25 07:22:04 UTC 2026","Wed Mar 25 07:22:04 UTC 2026","20","tests.contract.cats","test_patch_health-card_contract","","","","test_patch_health_card_success",""
"passed","Wed Mar 25 07:21:58 UTC 2026","Wed Mar 25 07:21:58 UTC 2026","4","tests.contract.cats","test_create_cat_contract","","","","test_create_cat_invalid_contract[payload5-empty payload]",""
"passed","Wed Mar 25 07:22:05 UTC 2026","Wed Mar 25 07:22:05 UTC 2026","5","tests.contract.cats","test_patch_health-card_contract","","","","test_patch_health_card_invalid_payload[payload1-missing 'medicalStatus']",""
"passed","Wed Mar 25 07:21:40 UTC 2026","Wed Mar 25 07:21:40 UTC 2026","21","tests.api.statistics","test_breeds_stats_api","","","","test_stats_breeds_grouping",""
"passed","Wed Mar 25 07:21:48 UTC 2026","Wed Mar 25 07:21:48 UTC 2026","87","tests.contract.cats","test_adopt_cat_contract","","","","test_patch_cat_invalid_catid_contract[float id format]",""
"passed","Wed Mar 25 07:21:26 UTC 2026","Wed Mar 25 07:21:26 UTC 2026","28","tests.api.cats","test_create_health-card_api","","","","test_create_health_card_success",""
"passed","Wed Mar 25 07:22:17 UTC 2026","Wed Mar 25 07:22:17 UTC 2026","20","tests","test_e2e","","","","test_health_card_lifecycle",""
"passed","Wed Mar 25 07:22:16 UTC 2026","Wed Mar 25 07:22:16 UTC 2026","4","tests.contract.users","test_make-admin_contract","","","","test_make_admin_unauthorized",""
"passed","Wed Mar 25 07:22:09 UTC 2026","Wed Mar 25 07:22:09 UTC 2026","5","tests.contract.external-api","test_register_chip_contract","","","","test_register_chip_invalid_breed_contract[one_char]",""
"passed","Wed Mar 25 07:21:45 UTC 2026","Wed Mar 25 07:21:45 UTC 2026","3","tests.contract.auth","test_login_contract","","","","test_login_validation_error_contract[payload1-missing 'password']",""
"passed","Wed Mar 25 07:22:07 UTC 2026","Wed Mar 25 07:22:07 UTC 2026","15","tests.contract.cats","test_update_cat_contract","","","","test_patch_cat_duplicate_name_contract",""
"passed","Wed Mar 25 07:22:14 UTC 2026","Wed Mar 25 07:22:14 UTC 2026","5","tests.contract.users","test_get_user_contract","","","","test_get_adopted_cats_invalid_userid_format_contract[nonexistent id]",""
"passed","Wed Mar 25 07:21:21 UTC 2026","Wed Mar 25 07:21:21 UTC 2026","256","tests.api.auth","test_login_api","","","","test_login_success",""
"passed","Wed Mar 25 07:22:00 UTC 2026","Wed Mar 25 07:22:00 UTC 2026","4","tests.contract.cats","test_create_health-card_contract","","","","test_create_health_card_invalid_payload[payload1-missing 'medicalStatus']",""
"passed","Wed Mar 25 07:22:03 UTC 2026","Wed Mar 25 07:22:03 UTC 2026","4","tests.contract.cats","test_get_cat_contract","","","","test_get_cat_by_invalid_id_contract[invalid id format]",""
"passed","Wed Mar 25 07:22:06 UTC 2026","Wed Mar 25 07:22:06 UTC 2026","3","tests.contract.cats","test_update_cat_contract","","","","test_patch_cat_unauthorized_contract",""
"passed","Wed Mar 25 07:22:11 UTC 2026","Wed Mar 25 07:22:11 UTC 2026","4","tests.contract.statistics","test_summary_stats_contract","","","","test_get_summary_unauthorized_contract",""
"passed","Wed Mar 25 07:22:14 UTC 2026","Wed Mar 25 07:22:14 UTC 2026","4","tests.contract.users","test_get_user_contract","","","","test_get_user_by_Id_invalid_id_format_contract[float id format]",""
"passed","Wed Mar 25 07:21:42 UTC 2026","Wed Mar 25 07:21:42 UTC 2026","141","tests.api.users","test_get_user_api","","","","test_get_all_users",""
"passed","Wed Mar 25 07:21:25 UTC 2026","Wed Mar 25 07:21:25 UTC 2026","4","tests.api.cats","test_create_cat_api","","","","test_create_cat_name_too_short[space]",""
"passed","Wed Mar 25 07:21:47 UTC 2026","Wed Mar 25 07:21:47 UTC 2026","4","tests.contract.auth","test_register_contract","","","","test_register_contract_validation_error[payload3-missing 'password']",""
"passed","Wed Mar 25 07:22:18 UTC 2026","Wed Mar 25 07:22:18 UTC 2026","146","tests","test_e2e","","","","test_deleting_profile_control",""
"passed","Wed Mar 25 07:22:06 UTC 2026","Wed Mar 25 07:22:06 UTC 2026","5","tests.contract.cats","test_patch_health-card_contract","","","","test_patch_health_card_invalid_payload[payload5-invalid type of 'notes']",""
"passed","Wed Mar 25 07:21:25 UTC 2026","Wed Mar 25 07:21:25 UTC 2026","3","tests.api.cats","test_create_cat_api","","","","test_create_cat_age_boundary[-1]",""
